{"cameraMode":{"drawMode":0,"name":"Shaded","section":"Shading Mode"},"sceneLighting":false,"audioPlay":false,"sceneViewState":{"m_AlwaysRefresh":false,"showFog":true,"showSkybox":false,"showFlares":true,"showImageEffects":true,"showParticleSystems":true,"showVisualEffectGraphs":true,"m_FxEnabled":true},"in2DMode":false,"pivot":{"x":-3.9699997901916506,"y":2.059999942779541,"z":-0.8399999737739563},"rotation":{"x":-0.03688882663846016,"y":0.34417980909347536,"z":-0.013542735949158669,"w":-0.938096821308136},"size":3.4465744495391847,"orthographic":true}